allSil/Abrupt-silicon.sil,1
allSil/AccessSubMatrix-silicon.sil,0
allSil/AddAssignJava-silicon.sil,0
allSil/AmbiguousBooleanOperators-silicon.sil,0
allSil/AppendPrepend-silicon.sil,0
allSil/ArrayGetList-silicon.sil,0
allSil/ArrayItemAccess-silicon.sil,1
allSil/ArrayValues-silicon.sil,0
allSil/BadLoop1-silicon.sil,0
allSil/BadLoop2-silicon.sil,0
allSil/BarrierWithAtomic-silicon.sil,8
allSil/BasicArray-silicon.sil,0
allSil/BasicAssert-E1-silicon.sil,0
allSil/BasicAssert-silicon.sil,0
allSil/BasicNewArray-silicon.sil,0
allSil/BlockParallellism-silicon.sil,0
allSil/BoogieExample-silicon.sil,1
allSil/BoogieTest-silicon.sil,1
allSil/Box-silicon.sil,0
allSil/BubbleSort-silicon.sil,1
allSil/CExampleImpl-silicon.sil,0
allSil/CExampleUse-silicon.sil,0
allSil/CPointers-silicon.sil,9
allSil/CastExample-silicon.sil,3
allSil/CastExamplePVL-silicon.sil,0
allSil/CollectionTest-silicon.sil,0
allSil/ConcurrentCounting-silicon.sil,0
allSil/ContinueBreak-silicon.sil,0
allSil/Counter-silicon.sil,0
allSil/DifferentClassesDifferentTypes1-silicon.sil,0
allSil/DifferentClassesDifferentTypes2-silicon.sil,0
allSil/DoubleNestedFinally.java-silicon.sil,0
allSil/ExceptionAbortsAssignment-silicon.sil,0
allSil/ExceptionsAndAbrupt.java-silicon.sil,0
allSil/FibonacciPVL-silicon.sil,1
allSil/Finally-silicon.sil,0
allSil/For-silicon.sil,0
allSil/ForPVL-silicon.sil,0
allSil/ForWithinParallel-silicon.sil,0
allSil/ForkPVL-silicon.sil,0
allSil/ForwardDep-silicon.sil,8
allSil/ForwardHost-silicon.sil,9
allSil/Frac1-silicon.sil,0
allSil/Frac2-silicon.sil,0
allSil/FractionComparison-silicon.sil,0
allSil/FrameError1-silicon.sil,0
allSil/FunctionsPVL-silicon.sil,0
allSil/GeneralisedConcurrentCounting-silicon.sil,1
allSil/GivenInPar-silicon.sil,0
allSil/GoodCustomException-silicon.sil,0
allSil/Goto1-silicon.sil,0
allSil/Goto2-silicon.sil,0
allSil/Goto3-silicon.sil,0
allSil/GraphReachability-silicon.sil,0
allSil/HistogramSubMatrix-silicon.sil,0
allSil/HistoryApplication-silicon.sil,0
allSil/HistoryLoop-silicon.sil,0
allSil/IncrSilicon-silicon.sil,0
allSil/Increment-silicon.sil,0
allSil/IncrementError-silicon.sil,0
allSil/InductionProblem-silicon.sil,0
allSil/InductionSolution-silicon.sil,0
allSil/IntegerList-silicon.sil,11
allSil/InvariantBlockTest-silicon.sil,0
allSil/InvariantParallelAtomic-silicon.sil,0
allSil/InvokationInGuard-silicon.sil,3
allSil/JavaArrayExamples-silicon.sil,6
allSil/JavaOverloading-silicon.sil,0
allSil/KeYAbruptTerminationChallengeSilicon-silicon.sil,0
allSil/KeywordsAllowC-silicon.sil,0
allSil/KeywordsAllowJava-silicon.sil,0
allSil/Knuth_Tabulate-silicon.sil,4
allSil/LFQatomicsImplementation-silicon.sil,31
allSil/LFQhistoryImplementation-silicon.sil,31
allSil/LabeledIf-silicon.sil,0
allSil/LabeledStatements-silicon.sil,2
allSil/LabeledWhile-silicon.sil,0
allSil/LinkedList-silicon.sil,179
allSil/ListAppend-silicon.sil,4
allSil/ListAppendASyncDef-silicon.sil,4
allSil/ListAppendASyncDefInline-silicon.sil,4
allSil/ListDomain-silicon.sil,0
allSil/ListsPVL-silicon.sil,5
allSil/LoopInvBoogie-silicon.sil,0
allSil/MainPVL-silicon.sil,0
allSil/Maps-silicon.sil,1
allSil/MapsInPVL-silicon.sil,0
allSil/MaxSort-silicon.sil,0
allSil/MethodCallNegation-silicon.sil,0
allSil/MinMaxList-silicon.sil,8
allSil/MultiDimArray-silicon.sil,0
allSil/MultiIncrement-silicon.sil,0
allSil/NestedLoops-silicon.sil,0
allSil/NestedTryCatchFinally-silicon.sil,0
allSil/NewClassGhost-silicon.sil,0
allSil/NewException-silicon.sil,0
allSil/NewRuntimeException-silicon.sil,0
allSil/NoSendAfterRead-silicon.sil,1
allSil/OnlyCatch-silicon.sil,0
allSil/OnlyClass-silicon.sil,0
allSil/OnlyExtends-silicon.sil,0
allSil/OnlyNew-silicon.sil,0
allSil/OnlyPredicate-silicon.sil,0
allSil/OnlyReturn-silicon.sil,0
allSil/OnlyThrows-silicon.sil,0
allSil/OpenMPSectionReduced-silicon.sil,2
allSil/OpenMPSectionReducedFail1-silicon.sil,1
allSil/OpenMPadd-silicon.sil,1
allSil/OpenMPcopy-silicon.sil,0
allSil/OpenMPzero-silicon.sil,0
allSil/OptionDomain-silicon.sil,0
allSil/OptionTypeManual-silicon.sil,0
allSil/OverloadedReturn-silicon.sil,0
allSil/OwickiGries-silicon.sil,0
allSil/ParBothRead-silicon.sil,0
allSil/ParNestedInvariant-silicon.sil,0
allSil/ParallelPVLExample1-silicon.sil,3
allSil/ParallelWhile-silicon.sil,0
allSil/Parameters1-silicon.sil,0
allSil/Parameters2-silicon.sil,0
allSil/Permissions-silicon.sil,0
allSil/PostfixIncrement-silicon.sil,0
allSil/RW1-silicon.sil,0
allSil/RW2-silicon.sil,0
allSil/RW3-silicon.sil,0
allSil/Refute1-silicon.sil,0
allSil/Refute3-silicon.sil,0
allSil/Refute4-silicon.sil,0
allSil/Refute5-silicon.sil,0
allSil/RefuteSat-silicon.sil,0
allSil/RefuteUnsat-silicon.sil,0
allSil/RemoveValues-silicon.sil,0
allSil/ReturnFinally-silicon.sil,0
allSil/ReturnNull-silicon.sil,0
allSil/RosterFixed-silicon.sil,16
allSil/SatCheck_Check-silicon.sil,0
allSil/SeparateMain-silicon.sil,0
allSil/SeparateUtil-silicon.sil,0
allSil/SeqItemAccess-silicon.sil,1
allSil/SeqLength-silicon.sil,1
allSil/SeqSeqLength-silicon.sil,1
allSil/SequenceSlicing-silicon.sil,0
allSil/SequenceUpdating-silicon.sil,0
allSil/SetComprehension-silicon.sil,0
allSil/SignalsMustPropagate-silicon.sil,1
allSil/SignalsThrowNoThrows-silicon.sil,6
allSil/SimpleCollectionConstructors-silicon.sil,0
allSil/SimpleLockingProtocol-silicon.sil,10
allSil/SubSet-silicon.sil,0
allSil/SumSeqOfInts-silicon.sil,0
allSil/SummationKernel-silicon.sil,5
allSil/SummationKernel1-silicon.sil,7
allSil/SwapInteger-silicon.sil,0
allSil/SwitchVarious-silicon.sil,4
allSil/Synchronized-silicon.sil,0
allSil/TernaryOperator-silicon.sil,1
allSil/Test-1-c-silicon.sil,0
allSil/TestCount-silicon.sil,1
allSil/TestFuture-silicon.sil,0
allSil/TestFuturePerms-silicon.sil,0
allSil/TestHist-silicon.sil,0
allSil/TestHistory-silicon.sil,0
allSil/TestScale-silicon.sil,0
allSil/TestValue1-silicon.sil,0
allSil/TestValue2-silicon.sil,0
allSil/ThrowsAndThrow-silicon.sil,0
allSil/TicTacToeInt-silicon.sil,9
allSil/TransposeCopy-silicon.sil,0
allSil/TreeRecursive-silicon.sil,22
allSil/TreeRecursiveSilver-silicon.sil,20
allSil/TreeWandSilverE1-silicon.sil,24
allSil/TreeWandSilverE2-silicon.sil,60
allSil/TypeExample1-silicon.sil,0
allSil/TypecheckSignalsOk-silicon.sil,3
allSil/TypecheckTryCatch-silicon.sil,1
allSil/UnequalCounting-silicon.sil,0
allSil/WaitNotify-silicon.sil,0
allSil/WandDemoSilver-silicon.sil,0
allSil/WhileBreakFinally-silicon.sil,0
allSil/WhileFinally-silicon.sil,0
allSil/WhileInFinally-silicon.sil,2
allSil/Yield-silicon.sil,0
allSil/ZeroArrayIC-silicon.sil,0
allSil/ZeroArrayLoopPVL-silicon.sil,0
allSil/ZeroKernel-silicon.sil,0
allSil/ZeroLoop-C-silicon.sil,0
allSil/ZeroMultiple-silicon.sil,0
allSil/ZeroSubArray-C-silicon.sil,0
allSil/ZeroSubMatrix-C-silicon.sil,0
allSil/abc-silicon.sil,0
allSil/backward-dep-err1-silicon.sil,4
allSil/basic-examples-c-silicon.sil,28
allSil/def-silicon.sil,0
allSil/demo1-silicon.sil,0
allSil/demo2-silicon.sil,0
allSil/demo3a-func-silicon.sil,0
allSil/demo3a-silicon.sil,0
allSil/demo3b-silicon.sil,0
allSil/demo3c-silicon.sil,1
allSil/demo3d-silicon.sil,0
allSil/demo4-silicon.sil,0
allSil/forward-dep-err1-silicon.sil,5
allSil/forward-dep-noauto-silicon.sil,11
allSil/forward-dep-silicon.sil,3
allSil/ghi-silicon.sil,0
allSil/kernel-example-silicon.sil,3
allSil/kernel-example-v2-silicon.sil,3
allSil/kernel-example-v3-silicon.sil,3
allSil/simpleExamples-silicon.sil,0
allSil/vector-add-silicon.sil,0
allSil/zero-array-c-err-silicon.sil,0
frontends/gobra/forall-simple3.gobra.vpr,0
frontends/gobra/global-const-4.gobra.vpr,0
frontends/gobra/seq-slice-simple1.gobra.vpr,0
frontends/gobra/seq-update-simple1.gobra.vpr,0
frontends/gobra/switch.gobra.vpr,8
frontends/gobra/trigger-simple3.gobra.vpr,0
frontends/nagini/testsarpverificationtest_rd_quantified.py.vpr,4
frontends/nagini/testsfunctionalverificationexamplescav_example.py.vpr,9
frontends/nagini/testsfunctionalverificationexamplesiap_bst.py.vpr,43
frontends/nagini/testsfunctionalverificationexamplesparkinson_recell.py.vpr,2
frontends/nagini/testsfunctionalverificationexamplesrosetta_qsort.py.vpr,10
frontends/nagini/testsfunctionalverificationexamplestest_student_enroll_preds.py.vpr,9
frontends/nagini/testsfunctionalverificationissues00017.py.vpr,0
frontends/nagini/testsfunctionalverificationissues00031.py.vpr,0
frontends/nagini/testsfunctionalverificationissues00057.py.vpr,0
frontends/nagini/testsfunctionalverificationtest_behavioural_subtyping_classmethod.py.vpr,0
frontends/nagini/testsfunctionalverificationtest_cast.py.vpr,0
frontends/nagini/testsfunctionalverificationtest_definedness.py.vpr,2
frontends/nagini/testsfunctionalverificationtest_exception.py.vpr,59
frontends/nagini/testsfunctionalverificationtest_forall.py.vpr,0
frontends/nagini/testsfunctionalverificationtest_funcs_and_methods.py.vpr,1
frontends/nagini/testsfunctionalverificationtest_generic_methods.py.vpr,2
frontends/nagini/testsfunctionalverificationtest_iterator_set.py.vpr,8
frontends/nagini/testsobligationsverificationchalice2silverchristianobl_loop.py.vpr,12
frontends/nagini/testsobligationsverificationchalice2silverissueschalice2silver-83.py.vpr,0
frontends/nagini/testsobligationsverificationchalice2silverloopsAndTermination.py.vpr,0
frontends/nagini/testsobligationsverificationtest_builtin_must_terminate.py.vpr,0
frontends/nagini/testsobligationsverificationtest_while_must_terminate.py.vpr,6
frontends/nagini/testssifverificationexamplesexample-decl.py.vpr,35
frontends/nagini/testssifverificationexamplesjoana-fig3-br.py.vpr,7
frontends/nagini/testssifverificationexamplesterauchi-fig4.py.vpr,8
frontends/nagini/testssifverificationtest_exception_loop.py.vpr,200
frontends/nagini/testssifverificationtest_fields_assign.py.vpr,24
frontends/nagini/testssifverificationtest_lowval.py.vpr,237
frontends/nagini/testssifverificationtest_threads.py.vpr,171
frontends/nagini/testssifverificationtest_try_catch.py.vpr,306
frontends/prusti/008-num-traits-pow.rs.vpr,0
frontends/prusti/348_cgmath_point.rs.vpr,6
frontends/prusti/Ackermann_function.rs.vpr,4
frontends/prusti/Binary_search.rs.vpr,7
frontends/prusti/Dijkstras_algorithm-simpl.rs.vpr,0
frontends/prusti/Heapsort_generic.rs.vpr,6
frontends/prusti/Knights_tour.rs.vpr,23
frontends/prusti/Selection_sort.rs.vpr,0
frontends/prusti/account.rs.vpr,0
frontends/prusti/ansi-term-external-call.rs.vpr,8
frontends/prusti/balance.rs.vpr,0
frontends/prusti/case1-overflow.rs.vpr,0
frontends/prusti/complex-fn.rs.vpr,0
frontends/prusti/fail-pc.rs.vpr,0
frontends/prusti/first-final.rs.vpr,10
frontends/prusti/generics-basic-3-6.rs.vpr,0
frontends/prusti/knapsack.rs.vpr,0
frontends/prusti/with-spec-list.rs.vpr,6
frontends/vyper/testsresourcesallocationERC20_alloc.vy.vpr,66
frontends/vyper/testsresourcesallocationauction_alloc.vy.vpr,34
frontends/vyper/testsresourcesallocationsafe_remote_purchase_alloc.vy.vpr,50
frontends/vyper/testsresourcesexamplesERC20.vy.vpr,66
frontends/vyper/testsresourcesexamplesEtherStore.vy.vpr,9
frontends/vyper/testsresourcesexamplesNoterEth.vy.vpr,18
frontends/vyper/testsresourcesexamplesauction.vy.vpr,35
frontends/vyper/testsresourcesexamplesescrow.vy.vpr,56
frontends/vyper/testsresourcesexamplesmultiplicator.vy.vpr,11
frontends/vyper/testsresourcesexamplesreentrancy.vy.vpr,20
frontends/vyper/testsresourcesexamplessafe_remote_purchase.vy.vpr,45
frontends/vyper/testsresourcesexamplesstableswap_get_virtual_price.vy.vpr,47
frontends/vyper/testsresourcesexamplesstate_machine.vy.vpr,23
frontends/vyper/testsresourcesexamplesstock.vy.vpr,85
frontends/vyper/testsresourcesexamplestrading_secret.vy.vpr,64
frontends/vyper/testsresourcesexamplesvoting.vy.vpr,181
frontends/vyper/testsresourcesissuesissue006a.vy.vpr,0
frontends/vyper/testsresourcesissuesissue006b.vy.vpr,3
frontends/vyper/testsresourcesissuesissue016.vy.vpr,8
frontends/vyper/testsresourcesissuesissue018.vy.vpr,19
frontends/vyper/testsresourcesissuesissue020b.vy.vpr,0
frontends/vyper/testsresourcesissuesissue020c.vy.vpr,4
frontends/vyper/testsresourcesissuesissue020g.vy.vpr,0
frontends/vyper/testsresourcesissuesissue022d.vy.vpr,0
frontends/vyper/testsresourcesissuesissue023a.vy.vpr,6
frontends/vyper/testsresourcesissuesissue024.vy.vpr,4
frontends/vyper/testsresourcesissuesissue027g.vy.vpr,13
frontends/vyper/testsresourcesissuesissue028a.vy.vpr,0
frontends/vyper/testsresourcesissuesissue028b.vy.vpr,10
frontends/vyper/testsresourcesissuesissue029a.vy.vpr,7
frontends/vyper/testsresourcesissuesissue029b.vy.vpr,5
frontends/vyper/testsresourcesissuesissue030a.vy.vpr,0
frontends/vyper/testsresourcesissuesissue030b.vy.vpr,4
frontends/vyper/testsresourcesissuesissue031.vy.vpr,4
frontends/vyper/testsresourcesissuesissue032.vy.vpr,20
frontends/vyper/testsresourceslanguageaccessible.vy.vpr,12
frontends/vyper/testsresourceslanguageaccessible_heuristics.vy.vpr,15
frontends/vyper/testsresourceslanguageaccessible_heuristics_argument.vy.vpr,14
frontends/vyper/testsresourceslanguageaddmod_mulmod.vy.vpr,2
frontends/vyper/testsresourceslanguageaddress.vy.vpr,22
frontends/vyper/testsresourceslanguagealways_check.vy.vpr,25
frontends/vyper/testsresourceslanguagearray.vy.vpr,11
frontends/vyper/testsresourceslanguageassert.vy.vpr,13
frontends/vyper/testsresourceslanguageaug_assign.vy.vpr,0
frontends/vyper/testsresourceslanguagebalance.vy.vpr,0
frontends/vyper/testsresourceslanguagebitwise_operations.vy.vpr,4
frontends/vyper/testsresourceslanguageblock.vy.vpr,6
frontends/vyper/testsresourceslanguageblockhash.vy.vpr,9
frontends/vyper/testsresourceslanguagebyte_literal.vy.vpr,6
frontends/vyper/testsresourceslanguagebytes32.vy.vpr,6
frontends/vyper/testsresourceslanguagecheck.vy.vpr,27
frontends/vyper/testsresourceslanguageclear.vy.vpr,0
frontends/vyper/testsresourceslanguageconcat.vy.vpr,0
frontends/vyper/testsresourceslanguageconfig.vy.vpr,0
frontends/vyper/testsresourceslanguageconstant_fail.vy.vpr,3
frontends/vyper/testsresourceslanguageconstants.vy.vpr,20
frontends/vyper/testsresourceslanguagecontract.vy.vpr,36
frontends/vyper/testsresourceslanguageconvert.vy.vpr,26
frontends/vyper/testsresourceslanguagecreate_forwarder_to.vy.vpr,13
frontends/vyper/testsresourceslanguagedecimal.vy.vpr,69
frontends/vyper/testsresourceslanguagedefault.vy.vpr,4
